Page,URL
1,
1,
1,
1,
1,
1,
1,
1,
1,
1,
1,
1,
1,
1,
2,
2,
2,
2,
2,
2,
2,
2,
2,
2,
2,
2,
2,
2,
2,
2,
2,
2,
2,
2,
2,
2,
2,
2,
2,
2,
2,
2,
2,
2,
3,
3,
3,
3,
3,
3,
3,
3,
3,
3,
3,
3,
3,
3,
3,
3,
3,
3,
4,
4,
4,
4,
5,
5,
5,
5,
5,
5,
5,
5,
6,
6,
6,
6,
6,
6,
6,
6,
6,https://github.com/MooreThreads/TurboRAG
7,
7,
7,
7,
7,
7,
7,
7,
7,
7,
7,
8,
8,
9,
9,
9,
9,
9,
9,
9,
9,
10,https://arxiv.org/abs/1810.04805
10,https://arxiv.org/abs/1810.04805
10,https://arxiv.org/abs/2208.03299
10,https://arxiv.org/abs/2208.03299
11,https://arxiv.org/abs/1911.00172
11,https://arxiv.org/abs/1911.00172
11,https://arxiv.org/abs/2212.10511
